,Ticker,Company,Title,Date,Time,Participant Name,Participant Type,Participant Organization
0,DBI,Designer Brands Inc. ,Q3 2020 Results - Earnings Call Transcript,"Dec.9,2020",10:07AM,Stacy Turnof ," Investor Relations, Edelman",Designer Brands Inc. 
1,DBI,Designer Brands Inc. ,Q3 2020 Results - Earnings Call Transcript,"Dec.9,2020",10:07AM,Roger Rawlins , Chief Executive Officer ,Designer Brands Inc. 
2,DBI,Designer Brands Inc. ,Q3 2020 Results - Earnings Call Transcript,"Dec.9,2020",10:07AM,Jared Poff , Chief Financial Officer,Designer Brands Inc. 
3,CHWY,"Chewy, Inc. ",Q3 2020 Results - Earnings Call Transcript,"Dec.9,2020",9:44,Robert LaFleur , Vice President of Investor Relations & Capital Markets,"Chewy, Inc. "
4,CHWY,"Chewy, Inc. ",Q3 2020 Results - Earnings Call Transcript,"Dec.9,2020",9:44,Sumit Singh , Chief Executive Officer,"Chewy, Inc. "
5,CHWY,"Chewy, Inc. ",Q3 2020 Results - Earnings Call Transcript,"Dec.9,2020",9:44,Mario Marte , Chief Financial Officer,"Chewy, Inc. "
6,SUMO,"['Sumo Logic, Inc. ']",Q3 2021 Results - Earnings Call Transcript,"Dec.9,2020",9:10,Paul Thomas , IR ,"Sumo Logic, Inc. "
7,SUMO,"['Sumo Logic, Inc. ']",Q3 2021 Results - Earnings Call Transcript,"Dec.9,2020",9:10,Ramin Sayar , CEO,"Sumo Logic, Inc. "
8,SUMO,"['Sumo Logic, Inc. ']",Q3 2021 Results - Earnings Call Transcript,"Dec.9,2020",9:10,Sydney Carey , CFO,"Sumo Logic, Inc. "
9,GWRE,"[""Guidewire Software, Inc.'s ""]",Q1 2021 Results - Earnings Call Transcript,"Dec.9,2020",1:38,Alex Hughes ," Vice President, Investor Relations","Guidewire Software, Inc. "
10,GWRE,"[""Guidewire Software, Inc.'s ""]",Q1 2021 Results - Earnings Call Transcript,"Dec.9,2020",1:38,Mike Rosenbaum , Chief Executive Officer,"Guidewire Software, Inc. "
11,GWRE,"[""Guidewire Software, Inc.'s ""]",Q1 2021 Results - Earnings Call Transcript,"Dec.9,2020",1:38,Jeff Cooper , Chief Financial Officer,"Guidewire Software, Inc. "
12,NEM,['Newmont Corporation '], Corporation (NEM) CEO Tom Palmer Hosts 2021 Investor Update Call (Transcript),"Dec.9,2020",12:35AM,Eric Colby , Vice President of Investor Relations and Global Communications,Newmont Corporation 
13,NEM,['Newmont Corporation '], Corporation (NEM) CEO Tom Palmer Hosts 2021 Investor Update Call (Transcript),"Dec.9,2020",12:35AM,Tom Palmer , President and Chief Executive Officer,Newmont Corporation 
14,NEM,['Newmont Corporation '], Corporation (NEM) CEO Tom Palmer Hosts 2021 Investor Update Call (Transcript),"Dec.9,2020",12:35AM,Rob Atkinson , Chief Operating Officer,Newmont Corporation 
15,NEM,['Newmont Corporation '], Corporation (NEM) CEO Tom Palmer Hosts 2021 Investor Update Call (Transcript),"Dec.9,2020",12:35AM,Nancy Buese , Chief Financial Officer,Newmont Corporation 
16,NEM,['Newmont Corporation '], Corporation (NEM) CEO Tom Palmer Hosts 2021 Investor Update Call (Transcript),"Dec.9,2020",12:35AM,Randy Engel ," Executive Vice President, Strategic Development",Newmont Corporation 
17,NEM,['Newmont Corporation '], Corporation (NEM) CEO Tom Palmer Hosts 2021 Investor Update Call (Transcript),"Dec.9,2020",12:35AM,Dean Gehring , Executive Vice President and Chief Technology Officer,Newmont Corporation 
18,NEM,['Newmont Corporation '], Corporation (NEM) CEO Tom Palmer Hosts 2021 Investor Update Call (Transcript),"Dec.9,2020",12:35AM,Stephen Gottesfeld , Executive Vice President and Chief Sustainability Officer,Newmont Corporation 
19,MDB,"['MongoDB, Inc. ']","oDB, Inc. (MDB) CEO Dev Ittycheria on Q3 2021 Results - Earnings Call Transcript","Dec.8,2020",11:04PM,Brian Denyeau ," IR, ICR","MongoDB, Inc. "
20,MDB,"['MongoDB, Inc. ']","oDB, Inc. (MDB) CEO Dev Ittycheria on Q3 2021 Results - Earnings Call Transcript","Dec.8,2020",11:04PM,Dev Ittycheria , President & Chief Executive Officer,"MongoDB, Inc. "
21,MDB,"['MongoDB, Inc. ']","oDB, Inc. (MDB) CEO Dev Ittycheria on Q3 2021 Results - Earnings Call Transcript","Dec.8,2020",11:04PM,Michael Gordon , Chief Operating Officer & Chief Financial Officer,"MongoDB, Inc. "
22,HRB,"['H&R Block, Inc. ']","R Block, Inc. (HRB) Presents at Investor Day - (Transcript)","Dec.8,2020",10:56PM,Jeffrey Jones ," President, CEO & Director","H&R Block, Inc. "
23,HRB,"['H&R Block, Inc. ']","R Block, Inc. (HRB) Presents at Investor Day - (Transcript)","Dec.8,2020",10:56PM,Kirk Simpson ," CEO, Co-Founder & Director, Wave Financial Inc.","H&R Block, Inc. "
24,HRB,"['H&R Block, Inc. ']","R Block, Inc. (HRB) Presents at Investor Day - (Transcript)","Dec.8,2020",10:56PM,Karen Orosco ," SVP, U.S. Retail Sales & Service","H&R Block, Inc. "
25,HRB,"['H&R Block, Inc. ']","R Block, Inc. (HRB) Presents at Investor Day - (Transcript)","Dec.8,2020",10:56PM,Les Whiting , Chief Financial Services Officer,"H&R Block, Inc. "
26,HRB,"['H&R Block, Inc. ']","R Block, Inc. (HRB) Presents at Investor Day - (Transcript)","Dec.8,2020",10:56PM,Julius Lai , Chief Product & Experience Officer,"H&R Block, Inc. "
27,HRB,"['H&R Block, Inc. ']","R Block, Inc. (HRB) Presents at Investor Day - (Transcript)","Dec.8,2020",10:56PM,Heather Watts ," SVP, DIY Tax","H&R Block, Inc. "
28,HRB,"['H&R Block, Inc. ']","R Block, Inc. (HRB) Presents at Investor Day - (Transcript)","Dec.8,2020",10:56PM,Tony Bowen , CFO,"H&R Block, Inc. "
29,HRB,"['H&R Block, Inc. ']","R Block, Inc. (HRB) Presents at Investor Day - (Transcript)","Dec.8,2020",10:56PM,Colby Brown , VP & Corporate Controller,"H&R Block, Inc. "
30,GME,['GameStop Corp. '],Q3 2020 Results - Earnings Call Transcript,"Dec.8,2020",10:10PM,Eric Cerny , IR,GameStop Corp. 
31,GME,['GameStop Corp. '],Q3 2020 Results - Earnings Call Transcript,"Dec.8,2020",10:10PM,George Sherman , CEO,GameStop Corp. 
32,GME,['GameStop Corp. '],Q3 2020 Results - Earnings Call Transcript,"Dec.8,2020",10:10PM,Jim Bell , EVP & CFO,GameStop Corp. 
33,AMGN,['Amgen Inc. '],erence (Transcript),"Dec.8,2020",10:03PM,Arvind Sood ," VP, IR",Amgen Inc. 
34,AMGN,['Amgen Inc. '],erence (Transcript),"Dec.8,2020",10:03PM,Dr. David Reese ," Executive VP, R&D",Amgen Inc. 
35,AMGN,['Amgen Inc. '],erence (Transcript),"Dec.8,2020",10:03PM,Dr. Greg Friberg ," VP, Global Development and Oncology Therapeutic Area Head",Amgen Inc. 
36,AVAV,"[""AeroVironment, Inc.'s ""]","ent, Inc.'s (AVAV) CEO Wahid Nawabi on Q2 2021 Results - Earnings Call Transcript","Dec.8,2020",9:51,Steven Gitlin , Chief Marketing Officer and Vice President of Investor Relations,"AeroVironment, Inc. "
37,AVAV,"[""AeroVironment, Inc.'s ""]","ent, Inc.'s (AVAV) CEO Wahid Nawabi on Q2 2021 Results - Earnings Call Transcript","Dec.8,2020",9:51,Wahid Nawabi , President and Chief Executive Officer,"AeroVironment, Inc. "
38,AVAV,"[""AeroVironment, Inc.'s ""]","ent, Inc.'s (AVAV) CEO Wahid Nawabi on Q2 2021 Results - Earnings Call Transcript","Dec.8,2020",9:51,Kevin McDonnell , SVP and Chief Financial Officer,"AeroVironment, Inc. "
39,DELL,['Dell Technologies Inc. '], James Technology Investors Conference (Transcript),"Dec.8,2020",9:09,Matt Baker ," Senior Vice President, Strategy and Planning",Dell Technologies Inc. 
40,TMUS,"[""T-Mobile US, Inc.'s ""]",erence (Transcript),"Dec.8,2020",7:50,Mike Sievert , President & Chief Executive Officer,"T-Mobile US, Inc. "
41,BLK,"['BlackRock, Inc. ']",erence (Transcript),"Dec.8,2020",7:44,Gary Shedlin , Chief Financial Officer,"BlackRock, Inc. "
42,VMW,"['VMware, Inc. ']", James Technology Investors Conference (Transcript),"Dec.8,2020",7:14,Sanjay Poonen ," Chief Operating Officer, Customer Operations","VMware, Inc. "
43,VMW,"['VMware, Inc. ']", James Technology Investors Conference (Transcript),"Dec.8,2020",7:14,Richard Gu , Investor Relations,"VMware, Inc. "
44,MSFT,['Microsoft Corporation '],(MSFT) Management Presents at UBS Global TMT Virtual Conference (Transcript),"Dec.8,2020",7:02,Judson Althoff ," EVP, Worldwide Commercial Business",Microsoft Corporation 
45,MMP,"['Magellan Midstream Partners, L.P. ']","gellan Midstream Partners, L.P. (MMP) CEO Michael Mears Presents at Wells Fargo Midstream and Utility Symposium (Transcript)","Dec.8,2020",7:00,Michael Mears ," Chairman, President & Chief Executive Officer","Magellan Midstream Partners, L.P. "
46,ODC,['Oil-Dri Corporation of America '],of America (ODC) CEO Dan Jaffee on Q1 2021 Results - Earnings Call Transcript,"Dec.8,2020",5:47,Leslie Garber ," Manager, IR",Oil-Dri Corporation of America 
47,ODC,['Oil-Dri Corporation of America '],of America (ODC) CEO Dan Jaffee on Q1 2021 Results - Earnings Call Transcript,"Dec.8,2020",5:47,Laura Scheland , General Counsel and Secretary,Oil-Dri Corporation of America 
48,ODC,['Oil-Dri Corporation of America '],of America (ODC) CEO Dan Jaffee on Q1 2021 Results - Earnings Call Transcript,"Dec.8,2020",5:47,Dan Jaffee , President and CEO,Oil-Dri Corporation of America 
49,ODC,['Oil-Dri Corporation of America '],of America (ODC) CEO Dan Jaffee on Q1 2021 Results - Earnings Call Transcript,"Dec.8,2020",5:47,Molly VandenHeuvel , COO,Oil-Dri Corporation of America 
50,ODC,['Oil-Dri Corporation of America '],of America (ODC) CEO Dan Jaffee on Q1 2021 Results - Earnings Call Transcript,"Dec.8,2020",5:47,Susan Kreh , CFO,Oil-Dri Corporation of America 
51,ODC,['Oil-Dri Corporation of America '],of America (ODC) CEO Dan Jaffee on Q1 2021 Results - Earnings Call Transcript,"Dec.8,2020",5:47,Jessica Moskowitz ," VP, General Manager, Consumer Products Division",Oil-Dri Corporation of America 
52,ODC,['Oil-Dri Corporation of America '],of America (ODC) CEO Dan Jaffee on Q1 2021 Results - Earnings Call Transcript,"Dec.8,2020",5:47,Fred Kao ," VP, Global Sales, Amlan International",Oil-Dri Corporation of America 
53,AZO,"['AutoZone, Inc. ']",", Inc. (AZO) CEO William Rhodes on Q1 2021 Results - Earnings Call Transcript","Dec.8,2020",5:17,William Rhodes ," Chairman, President and Chief Executive Officer","AutoZone, Inc. "
54,AZO,"['AutoZone, Inc. ']",", Inc. (AZO) CEO William Rhodes on Q1 2021 Results - Earnings Call Transcript","Dec.8,2020",5:17,William Giles , Executive Vice President and Chief Financial Officer,"AutoZone, Inc. "
55,AZO,"['AutoZone, Inc. ']",", Inc. (AZO) CEO William Rhodes on Q1 2021 Results - Earnings Call Transcript","Dec.8,2020",5:17,Jamere Jackson , Executive Vice President and Chief Financial Officer-elect,"AutoZone, Inc. "
56,SGU,"['Star Group, L.P. ']",Q4 2020 Results - Earnings Call Transcript,"Dec.8,2020",5:09,Chris Witty , Investor Relations,"Star Group, L.P. "
57,SGU,"['Star Group, L.P. ']",Q4 2020 Results - Earnings Call Transcript,"Dec.8,2020",5:09,Jeff Woosnam , Chief Executive Officer,"Star Group, L.P. "
58,SGU,"['Star Group, L.P. ']",Q4 2020 Results - Earnings Call Transcript,"Dec.8,2020",5:09,Rich Ambury , Chief Financial Officer,"Star Group, L.P. "
59,KKR,['KKR & Co. Inc. '],erence (Transcript),"Dec.8,2020",4:34,Scott Nuttall , Co-President and Co-COO,KKR & Co. Inc. 
60,CONN,"[""Conn's, Inc. ""]","'s, Inc. (CONN) CEO Norm Miller on Q3 2021 Results - Earnings Call Transcript","Dec.8,2020",4:31,Norm Miller , CEO,"Conn's, Inc. "
61,CONN,"[""Conn's, Inc. ""]","'s, Inc. (CONN) CEO Norm Miller on Q3 2021 Results - Earnings Call Transcript","Dec.8,2020",4:31,Lee Wright , COO,"Conn's, Inc. "
62,CONN,"[""Conn's, Inc. ""]","'s, Inc. (CONN) CEO Norm Miller on Q3 2021 Results - Earnings Call Transcript","Dec.8,2020",4:31,George Bchara , CFO,"Conn's, Inc. "
63,VIAC,"['ViacomCBS, Inc. ']",erence Call - (Transcript),"Dec.8,2020",3:57,Bob Bakish ," President, CEO & Director","ViacomCBS, Inc. "
64,CRWD,"[""CrowdStrike Holdings, Inc.'s ""]",erence (Transcript),"Dec.8,2020",3:39,Burt Podbere , Chief Financial Officer,"CrowdStrike Holdings, Inc. "
65,JW.A,"['John Wiley & Sons, Inc. ']",", Inc. (JW.A) CEO Brian Napack on Q2 2021 Results - Earnings Call Transcript","Dec.8,2020",3:26,Brian Campbell , Vice President of Investor Relations,"John Wiley & Sons, Inc. "
66,JW.A,"['John Wiley & Sons, Inc. ']",", Inc. (JW.A) CEO Brian Napack on Q2 2021 Results - Earnings Call Transcript","Dec.8,2020",3:26,Brian Napack , President & Chief Executive Officer,"John Wiley & Sons, Inc. "
67,JW.A,"['John Wiley & Sons, Inc. ']",", Inc. (JW.A) CEO Brian Napack on Q2 2021 Results - Earnings Call Transcript","Dec.8,2020",3:26,John Kritzmacher , Chief Financial Officer,"John Wiley & Sons, Inc. "
68,GIII,"['G-III Apparel Group, Ltd. ']",Q3 2021 Results - Earnings Call Transcript,"Dec.8,2020",2:48,Neal Nackman , Chief Financial Officer & Treasurer,"G-III Apparel Group, Ltd. "
69,GIII,"['G-III Apparel Group, Ltd. ']",Q3 2021 Results - Earnings Call Transcript,"Dec.8,2020",2:48,Morris Goldfarb , Chairman & Chief Executive Officer,"G-III Apparel Group, Ltd. "
70,BF.B,['Brown-Forman Corporation '],(BF.B) CEO Lawson Whiting on Q2 2021 Results - Earnings Call Transcript,"Dec.8,2020",2:08,Lawson Whiting , President and CEO,Brown-Forman Corporation 
71,BF.B,['Brown-Forman Corporation '],(BF.B) CEO Lawson Whiting on Q2 2021 Results - Earnings Call Transcript,"Dec.8,2020",2:08,Jane Morreau , EVP and CFO,Brown-Forman Corporation 
72,BF.B,['Brown-Forman Corporation '],(BF.B) CEO Lawson Whiting on Q2 2021 Results - Earnings Call Transcript,"Dec.8,2020",2:08,Leanne Cunningham ," SVP, Shareholder Relations Officer",Brown-Forman Corporation 
73,ADBE,['Adobe Inc. '],Q4 2020 Results - Earnings Call Transcript,"Dec.10,2020",3:15PM,Jonathan Vaas ," Associate General Counsel and Vice President, Investor Relations",Adobe Inc. 
74,ADBE,['Adobe Inc. '],Q4 2020 Results - Earnings Call Transcript,"Dec.10,2020",3:15PM,Shantanu Narayen ," Chairman, President and Chief Executive Officer",Adobe Inc. 
75,ADBE,['Adobe Inc. '],Q4 2020 Results - Earnings Call Transcript,"Dec.10,2020",3:15PM,Abhay Parasnis ," Chief Technology Officer and Chief Product Officer, Document Cloud",Adobe Inc. 
76,ADBE,['Adobe Inc. '],Q4 2020 Results - Earnings Call Transcript,"Dec.10,2020",3:15PM,Scott Belsky ," Chief Product Officer and Executive Vice President, Creative Cloud",Adobe Inc. 
77,ADBE,['Adobe Inc. '],Q4 2020 Results - Earnings Call Transcript,"Dec.10,2020",3:15PM,Anil Chakravarthy ," Executive Vice President and General Manager, Digital Experience Business and Worldwide Field Operations",Adobe Inc. 
78,ADBE,['Adobe Inc. '],Q4 2020 Results - Earnings Call Transcript,"Dec.10,2020",3:15PM,Gloria Chen ," Chief People Officer and Executive Vice President, Employee Experience",Adobe Inc. 
79,ADBE,['Adobe Inc. '],Q4 2020 Results - Earnings Call Transcript,"Dec.10,2020",3:15PM,John Murphy , Executive Vice President and Chief Financial Officer,Adobe Inc. 
80,HOFT,['Hooker Furniture Corporation '],(HOFT) CEO Paul Toms on Q3 2021 Results - Earnings Call Transcript,"Dec.10,2020",2:04PM,Paul Huckfeldt ," VP, Finance and CFO",Hooker Furniture Corporation 
81,HOFT,['Hooker Furniture Corporation '],(HOFT) CEO Paul Toms on Q3 2021 Results - Earnings Call Transcript,"Dec.10,2020",2:04PM,Paul Toms , Chairman and CEO,Hooker Furniture Corporation 
82,HOFT,['Hooker Furniture Corporation '],(HOFT) CEO Paul Toms on Q3 2021 Results - Earnings Call Transcript,"Dec.10,2020",2:04PM,Jeremy Hoff ," President, Hooker Legacy Brands",Hooker Furniture Corporation 
83,HOFT,['Hooker Furniture Corporation '],(HOFT) CEO Paul Toms on Q3 2021 Results - Earnings Call Transcript,"Dec.10,2020",2:04PM,Lee Boone ," President, Home Meridian Division",Hooker Furniture Corporation 
84,ISSC,"['Innovative Solutions and Support, Inc. ']"," and Support, Inc. (ISSC) CEO Geoffrey Hedrick on Q4 2020 Results - Earnings Call Transcript","Dec.10,2020",1:06PM,Geoffrey Hedrick , Chairman & CEO,"Innovative Solutions and Support, Inc. "
85,ISSC,"['Innovative Solutions and Support, Inc. ']"," and Support, Inc. (ISSC) CEO Geoffrey Hedrick on Q4 2020 Results - Earnings Call Transcript","Dec.10,2020",1:06PM,Shahram Askarpour , President,"Innovative Solutions and Support, Inc. "
86,ISSC,"['Innovative Solutions and Support, Inc. ']"," and Support, Inc. (ISSC) CEO Geoffrey Hedrick on Q4 2020 Results - Earnings Call Transcript","Dec.10,2020",1:06PM,Relland Winand , CFO,"Innovative Solutions and Support, Inc. "
87,FLR,['Fluor Corporation '],(FLR) CEO Carlos Hernandez on Q3 2020 Results - Earnings Call Transcript,"Dec.10,202012:54",PMET,Jason Landkamer ," Director, IR",Fluor Corporation 
88,FLR,['Fluor Corporation '],(FLR) CEO Carlos Hernandez on Q3 2020 Results - Earnings Call Transcript,"Dec.10,202012:54",PMET,Alan Boeckmann , Executive Chairman,Fluor Corporation 
89,FLR,['Fluor Corporation '],(FLR) CEO Carlos Hernandez on Q3 2020 Results - Earnings Call Transcript,"Dec.10,202012:54",PMET,Carlos Hernandez , CEO,Fluor Corporation 
90,FLR,['Fluor Corporation '],(FLR) CEO Carlos Hernandez on Q3 2020 Results - Earnings Call Transcript,"Dec.10,202012:54",PMET,Joe Brennan , CFO,Fluor Corporation 
91,SSYS,['Stratasys Ltd. '],erence Call (Transcript),"Dec.10,202011:50",AMET,Yonah Lloyd ," VP, IR",Stratasys Ltd. 
92,SSYS,['Stratasys Ltd. '],erence Call (Transcript),"Dec.10,202011:50",AMET,Yoav Zeif , CEO,Stratasys Ltd. 
93,SSYS,['Stratasys Ltd. '],erence Call (Transcript),"Dec.10,202011:50",AMET,Lilach Payorski , CFO,Stratasys Ltd. 
94,SSYS,['Stratasys Ltd. '],erence Call (Transcript),"Dec.10,202011:50",AMET,Chris Prucha ," CEO, Origin",Stratasys Ltd. 
95,DITHF,['DS Smith Plc '],Q2 2021 Results - Earnings Call Transcript,"Dec.10,202011:39",AMET,Miles Roberts , Group Chief Executive,DS Smith Plc 
96,DITHF,['DS Smith Plc '],Q2 2021 Results - Earnings Call Transcript,"Dec.10,202011:39",AMET,Adrian Marsh , Group Finance Director,DS Smith Plc 
97,LEE,"['Lee Enterprises, Incorporated ']",Q4 2020 Results - Earnings Call Transcript,"Dec.10,202011:22",AMET,Timothy Millage ," VP, CFO & Treasurer","Lee Enterprises, Incorporated "
98,LEE,"['Lee Enterprises, Incorporated ']",Q4 2020 Results - Earnings Call Transcript,"Dec.10,202011:22",AMET,Kevin Mowbray , President & CEO,"Lee Enterprises, Incorporated "
99,LEE,"['Lee Enterprises, Incorporated ']",Q4 2020 Results - Earnings Call Transcript,"Dec.10,202011:22",AMET,Nathan Bekke ," Vice President, Consumer Sales and Marketing","Lee Enterprises, Incorporated "
100,CBKC,['Christopher & Banks Corporation '],(CBKC) CEO Keri Jones on Q3 2020 Results - Earnings Call Transcript,"Dec.10,202010:50",AMET,Jean Fontana , Investor Relations,Christopher & Banks Corporation 
101,CBKC,['Christopher & Banks Corporation '],(CBKC) CEO Keri Jones on Q3 2020 Results - Earnings Call Transcript,"Dec.10,202010:50",AMET,Keri Jones , President and Chief Executive Officer,Christopher & Banks Corporation 
102,CBKC,['Christopher & Banks Corporation '],(CBKC) CEO Keri Jones on Q3 2020 Results - Earnings Call Transcript,"Dec.10,202010:50",AMET,Richard Bundy , Chief Financial Officer,Christopher & Banks Corporation 
103,VZ,['Verizon Communications Inc. '],"Communications Inc. (VZ) Presents at Barclays Global Technology, Media and Telecommunications Conference (Transcript)","Dec.10,202010:36",AMET,Matthew Ellis , Executive Vice President and Chief Financial Officer,Verizon Communications Inc. 
104,TUIFF,['TUI AG '],Q1 2021 Results - Earnings Call Transcript,"Dec.10,202010:10",AMET,Friedrich Joussen , CEO,TUI AG 
105,TUIFF,['TUI AG '],Q1 2021 Results - Earnings Call Transcript,"Dec.10,202010:10",AMET,Sebastian Ebel , CFO,TUI AG 
106,TUIFF,['TUI AG '],Q1 2021 Results - Earnings Call Transcript,"Dec.10,202010:10",AMET,Birgit Conix , CFO,TUI AG 
107,GRPN,"['Groupon, Inc. ']"," Inc. (GRPN) CEO Aaron Cooper Presents at Barclays Global Technology, Media and Telecommunications Conference (Transcript)","Dec.10,202010:07",AMET,Aaron Cooper , Interim Chief Executive Officer,"Groupon, Inc. "
108,JILL,"['J.Jill, Inc. ']",Q3 2020 Results - Earnings Call Transcript,"Dec.10,2020",9:58AM,Jim Scully , Interim CEI,"J.Jill, Inc. "
109,JILL,"['J.Jill, Inc. ']",Q3 2020 Results - Earnings Call Transcript,"Dec.10,2020",9:58AM,Mark Webb , EVP & CFO,"J.Jill, Inc. "
110,RH,"[""RH's ""]",Q3 2020 Results - Earnings Call Transcript,"Dec.10,2020",4:38AM,Allison Malkin ," ICR, IR",RH 
111,RH,"[""RH's ""]",Q3 2020 Results - Earnings Call Transcript,"Dec.10,2020",4:38AM,Gary Friedman , Chairman and CEO,RH 
112,RH,"[""RH's ""]",Q3 2020 Results - Earnings Call Transcript,"Dec.10,2020",4:38AM,Jack Preston , Chief Financial Officer,RH 
113,CMTL,['Comtech Telecommunications Corp. '], Corp. (CMTL) CEO Fred Kornberg on Q1 2021 Results - Earnings Call Transcript,"Dec.10,202012:16",AMET,Jason DiLorenzo , IR,Comtech Telecommunications Corp. 
114,CMTL,['Comtech Telecommunications Corp. '], Corp. (CMTL) CEO Fred Kornberg on Q1 2021 Results - Earnings Call Transcript,"Dec.10,202012:16",AMET,Fred Kornberg , Chairman and CEO,Comtech Telecommunications Corp. 
115,CMTL,['Comtech Telecommunications Corp. '], Corp. (CMTL) CEO Fred Kornberg on Q1 2021 Results - Earnings Call Transcript,"Dec.10,202012:16",AMET,Michael Porcelain , President and COO,Comtech Telecommunications Corp. 
116,CMTL,['Comtech Telecommunications Corp. '], Corp. (CMTL) CEO Fred Kornberg on Q1 2021 Results - Earnings Call Transcript,"Dec.10,202012:16",AMET,Michael Bondi , CFO,Comtech Telecommunications Corp. 
117,ENZ,"['Enzo Biochem, Inc. ']","zo Biochem, Inc. (ENZ) Q1 2021 Results - Earnings Call Transcript","Dec.10,202012:14",AMET,Jeremy Feffer , LifeSci Advisors,"Enzo Biochem, Inc. "
118,ENZ,"['Enzo Biochem, Inc. ']","zo Biochem, Inc. (ENZ) Q1 2021 Results - Earnings Call Transcript","Dec.10,202012:14",AMET,Barry Weiner , Co-Founder and President,"Enzo Biochem, Inc. "
119,ENZ,"['Enzo Biochem, Inc. ']","zo Biochem, Inc. (ENZ) Q1 2021 Results - Earnings Call Transcript","Dec.10,202012:14",AMET,David Bench , Chief Financial Officer,"Enzo Biochem, Inc. "
120,MESA,"[""Mesa Air Group, Inc.'s ""]",than Ornstein on Q4 2020 Results - Earnings Call Transcript,"Dec.9,2020",11:12PM,Jonathan Ornstein , Chairman and CEO,"Mesa Air Group, Inc. "
121,MESA,"[""Mesa Air Group, Inc.'s ""]",than Ornstein on Q4 2020 Results - Earnings Call Transcript,"Dec.9,2020",11:12PM,Mike Lotz , President and CFO,"Mesa Air Group, Inc. "
122,MESA,"[""Mesa Air Group, Inc.'s ""]",than Ornstein on Q4 2020 Results - Earnings Call Transcript,"Dec.9,2020",11:12PM,Brian Gillman , Executive VP and General Counsel,"Mesa Air Group, Inc. "
123,MESA,"[""Mesa Air Group, Inc.'s ""]",than Ornstein on Q4 2020 Results - Earnings Call Transcript,"Dec.9,2020",11:12PM,Brad Rich , Chief Operating Officer,"Mesa Air Group, Inc. "
124,EVTZF,['Evertz Technologies Limited '],ertz Technologies Limited (EVTZF) Q2 2021 Results - Earnings Call Transcript,"Dec.9,2020",10:46PM,Brian Campbell , EVP of Business Development,Evertz Technologies Limited 
125,EVTZF,['Evertz Technologies Limited '],ertz Technologies Limited (EVTZF) Q2 2021 Results - Earnings Call Transcript,"Dec.9,2020",10:46PM,Doug Moore , CFO,Evertz Technologies Limited 
126,GNSS,['Genasys Inc. '],Q4 2020 Results - Earnings Call Transcript,"Dec.9,2020",10:08PM,Satya Chillara , Investor Relations,Genasys Inc. 
127,GNSS,['Genasys Inc. '],Q4 2020 Results - Earnings Call Transcript,"Dec.9,2020",10:08PM,Dennis Klahn , Chief Financial Officer ,Genasys Inc. 
128,GNSS,['Genasys Inc. '],Q4 2020 Results - Earnings Call Transcript,"Dec.9,2020",10:08PM,Richard Danforth , Chief Executive Officer,Genasys Inc. 
129,NCNO,"['nCino, Inc. ']",Q3 2021 Results - Earnings Call Transcript,"Dec.9,2020",9:19,Greg Orenstein , Chief Corporate Development & Legal Officer,"nCino, Inc. "
130,NCNO,"['nCino, Inc. ']",Q3 2021 Results - Earnings Call Transcript,"Dec.9,2020",9:19,Pierre Naude , CEO,"nCino, Inc. "
131,NCNO,"['nCino, Inc. ']",Q3 2021 Results - Earnings Call Transcript,"Dec.9,2020",9:19,David Rudow , CFO,"nCino, Inc. "
132,NNWWF,"['North West Company, Inc. ']",Q3 2020 Results - Earnings Call Transcript,"Dec.9,2020",8:33,Edward Kennedy ," President, CEO & Director","North West Company, Inc. "
133,NNWWF,"['North West Company, Inc. ']",Q3 2020 Results - Earnings Call Transcript,"Dec.9,2020",8:33,Amanda Sutton ," VP, Legal & Corporate Secretary","North West Company, Inc. "
134,NNWWF,"['North West Company, Inc. ']",Q3 2020 Results - Earnings Call Transcript,"Dec.9,2020",8:33,Alex Yeo ," President, Canadian Retail","North West Company, Inc. "
135,NNWWF,"['North West Company, Inc. ']",Q3 2020 Results - Earnings Call Transcript,"Dec.9,2020",8:33,Daniel McConnell ," President, International Retail","North West Company, Inc. "
136,NNWWF,"['North West Company, Inc. ']",Q3 2020 Results - Earnings Call Transcript,"Dec.9,2020",8:33,John King , EVP & CFO,"North West Company, Inc. "
137,C,['Citigroup Inc. '],erence 2020 (Transcript),"Dec.9,2020",8:15,Mark Mason , Chief Financial Officer,Citigroup Inc. 
138,WMB,"['The Williams Companies, Inc. ']",erence (Transcript),"Dec.9,2020",7:48,John Chandler , Senior Vice President & Chief Financial Officer,"The Williams Companies, Inc. "
139,VRNT,['Verint Systems Inc. '],Q3 2020 Results - Earnings Call Transcript,"Dec.9,2020",7:43,Alan Roden ," SVP, Corporate Development",Verint Systems Inc. 
140,VRNT,['Verint Systems Inc. '],Q3 2020 Results - Earnings Call Transcript,"Dec.9,2020",7:43,Dan Bodner , CEO,Verint Systems Inc. 
141,VRNT,['Verint Systems Inc. '],Q3 2020 Results - Earnings Call Transcript,"Dec.9,2020",7:43,Doug Robinson , CFO,Verint Systems Inc. 
142,CPB,['Campbell Soup Company '],Q1 2021 Results - Earnings Call Transcript,"Dec.9,2020",12:36PM,Rebecca Gardy ," VP, Investor Relations",Campbell Soup Company 
143,CPB,['Campbell Soup Company '],Q1 2021 Results - Earnings Call Transcript,"Dec.9,2020",12:36PM,Mark Clouse , President and CEO,Campbell Soup Company 
144,CPB,['Campbell Soup Company '],Q1 2021 Results - Earnings Call Transcript,"Dec.9,2020",12:36PM,Mick Beekhuizen , EVP and CFO,Campbell Soup Company 
145,PHR,"[""Phreesia, Inc.'s ""]",Q3 2021 Results - Earnings Call Transcript,"Dec.9,2020",12:35PM,Balaji Gandhi ," Vice President, Investor Relations","Phreesia, Inc. "
146,PHR,"[""Phreesia, Inc.'s ""]",Q3 2021 Results - Earnings Call Transcript,"Dec.9,2020",12:35PM,Chaim Indig , Co-Founder and CEO,"Phreesia, Inc. "
147,PHR,"[""Phreesia, Inc.'s ""]",Q3 2021 Results - Earnings Call Transcript,"Dec.9,2020",12:35PM,Tom Altier , Chief Financial Officer,"Phreesia, Inc. "
148,PHR,"[""Phreesia, Inc.'s ""]",Q3 2021 Results - Earnings Call Transcript,"Dec.9,2020",12:35PM,Amy VanDuyn ," Senior Vice President, Human Resources","Phreesia, Inc. "
149,ADM,['Archer-Daniels-Midland Company '],erence (Transcript),"Dec.9,2020",12:15PM,Ken Campbell ," President, North American Oils, ADM",Archer-Daniels-Midland Company 
150,ADM,['Archer-Daniels-Midland Company '],erence (Transcript),"Dec.9,2020",12:15PM,Randy Stuewe ," Chairman and CEO, Darling Ingredients Inc.",Archer-Daniels-Midland Company 
151,ADM,['Archer-Daniels-Midland Company '],erence (Transcript),"Dec.9,2020",12:15PM,Bob Kent ," President, REK Energy",Archer-Daniels-Midland Company 
152,CRSP,['CRISPR Therapeutics AG '],ISPR Therapeutics AG (CRSP) Phase 1/2 CTX001 Investor Update (Transcript),"Dec.9,2020",12:14PM,Michael Partridge ," Senior Vice President of Investor Relations, Vertex",CRISPR Therapeutics AG 
153,CRSP,['CRISPR Therapeutics AG '],ISPR Therapeutics AG (CRSP) Phase 1/2 CTX001 Investor Update (Transcript),"Dec.9,2020",12:14PM,Reshma Kewalramani , Vertex's CEO and President ,CRISPR Therapeutics AG 
154,CRSP,['CRISPR Therapeutics AG '],ISPR Therapeutics AG (CRSP) Phase 1/2 CTX001 Investor Update (Transcript),"Dec.9,2020",12:14PM,Haydar Frangoul , Medical Director of Pediatric Hematology and Oncology at Sarah Cannon Research Institute,CRISPR Therapeutics AG 
155,CRSP,['CRISPR Therapeutics AG '],ISPR Therapeutics AG (CRSP) Phase 1/2 CTX001 Investor Update (Transcript),"Dec.9,2020",12:14PM,Samarth Kulkarni , Chief Executive Officer of CRISPR Therapeutics. ,CRISPR Therapeutics AG 
156,CRSP,['CRISPR Therapeutics AG '],ISPR Therapeutics AG (CRSP) Phase 1/2 CTX001 Investor Update (Transcript),"Dec.9,2020",12:14PM,David Altshuler , Vertex's Executive Vice President of Global Research and Chief Scientific Officer,CRISPR Therapeutics AG 
157,FEYE,"['FireEye, Inc. ']",erence (Transcript),"Dec.9,2020",11:50AM,Kevin Mandia , Chief Executive Officer,"FireEye, Inc. "
158,FEYE,"['FireEye, Inc. ']",erence (Transcript),"Dec.9,2020",11:50AM,Frank Verdecanna ," Executive Vice President, Chief Financial Officer and Chief Accounting Officer","FireEye, Inc. "
159,BTI,['British American Tobacco p.l.c. '],erence Call (Transcript),"Dec.9,2020",10:12AM,Mike Nightingale , Head of Investor Relations,British American Tobacco p.l.c. 
160,BTI,['British American Tobacco p.l.c. '],erence Call (Transcript),"Dec.9,2020",10:12AM,Tadeu Marroco , Finance Director,British American Tobacco p.l.c. 
161,DBI,['Designer Brands Inc. '],Q3 2020 Results - Earnings Call Transcript,"Dec.9,2020",10:07AM,Stacy Turnof ," Investor Relations, Edelman",Designer Brands Inc. 
162,DBI,['Designer Brands Inc. '],Q3 2020 Results - Earnings Call Transcript,"Dec.9,2020",10:07AM,Roger Rawlins , Chief Executive Officer ,Designer Brands Inc. 
163,DBI,['Designer Brands Inc. '],Q3 2020 Results - Earnings Call Transcript,"Dec.9,2020",10:07AM,Jared Poff , Chief Financial Officer,Designer Brands Inc. 
164,CHWY,"[""Chewy, Inc.'s ""]",Q3 2020 Results - Earnings Call Transcript,"Dec.9,2020",9:44,Robert LaFleur , Vice President of Investor Relations & Capital Markets,"Chewy, Inc. "
165,CHWY,"[""Chewy, Inc.'s ""]",Q3 2020 Results - Earnings Call Transcript,"Dec.9,2020",9:44,Sumit Singh , Chief Executive Officer,"Chewy, Inc. "
166,CHWY,"[""Chewy, Inc.'s ""]",Q3 2020 Results - Earnings Call Transcript,"Dec.9,2020",9:44,Mario Marte , Chief Financial Officer,"Chewy, Inc. "
167,SUMO,"['Sumo Logic, Inc. ']",Q3 2021 Results - Earnings Call Transcript,"Dec.9,2020",9:10,Paul Thomas , IR ,"Sumo Logic, Inc. "
168,SUMO,"['Sumo Logic, Inc. ']",Q3 2021 Results - Earnings Call Transcript,"Dec.9,2020",9:10,Ramin Sayar , CEO,"Sumo Logic, Inc. "
169,SUMO,"['Sumo Logic, Inc. ']",Q3 2021 Results - Earnings Call Transcript,"Dec.9,2020",9:10,Sydney Carey , CFO,"Sumo Logic, Inc. "
170,VTXPF,['Victrex plc '],on Q3 2020 Results - Earnings Call Transcript,"Dec.9,2020",8:59,Jakob Sigurdsson , CEO,Victrex plc 
171,VTXPF,['Victrex plc '],on Q3 2020 Results - Earnings Call Transcript,"Dec.9,2020",8:59,Richard Armitage , CFO,Victrex plc 
172,VTXPF,['Victrex plc '],on Q3 2020 Results - Earnings Call Transcript,"Dec.9,2020",8:59,Martin Court , Chief Commercial Officer,Victrex plc 
173,GWRE,"[""Guidewire Software, Inc.'s ""]",Q1 2021 Results - Earnings Call Transcript,"Dec.9,2020",1:38,Alex Hughes ," Vice President, Investor Relations","Guidewire Software, Inc. "
174,GWRE,"[""Guidewire Software, Inc.'s ""]",Q1 2021 Results - Earnings Call Transcript,"Dec.9,2020",1:38,Mike Rosenbaum , Chief Executive Officer,"Guidewire Software, Inc. "
175,GWRE,"[""Guidewire Software, Inc.'s ""]",Q1 2021 Results - Earnings Call Transcript,"Dec.9,2020",1:38,Jeff Cooper , Chief Financial Officer,"Guidewire Software, Inc. "
176,NEM,['Newmont Corporation '], Corporation (NEM) CEO Tom Palmer Hosts 2021 Investor Update Call (Transcript),"Dec.9,2020",12:35AM,Eric Colby , Vice President of Investor Relations and Global Communications,Newmont Corporation 
177,NEM,['Newmont Corporation '], Corporation (NEM) CEO Tom Palmer Hosts 2021 Investor Update Call (Transcript),"Dec.9,2020",12:35AM,Tom Palmer , President and Chief Executive Officer,Newmont Corporation 
178,NEM,['Newmont Corporation '], Corporation (NEM) CEO Tom Palmer Hosts 2021 Investor Update Call (Transcript),"Dec.9,2020",12:35AM,Rob Atkinson , Chief Operating Officer,Newmont Corporation 
179,NEM,['Newmont Corporation '], Corporation (NEM) CEO Tom Palmer Hosts 2021 Investor Update Call (Transcript),"Dec.9,2020",12:35AM,Nancy Buese , Chief Financial Officer,Newmont Corporation 
180,NEM,['Newmont Corporation '], Corporation (NEM) CEO Tom Palmer Hosts 2021 Investor Update Call (Transcript),"Dec.9,2020",12:35AM,Randy Engel ," Executive Vice President, Strategic Development",Newmont Corporation 
181,NEM,['Newmont Corporation '], Corporation (NEM) CEO Tom Palmer Hosts 2021 Investor Update Call (Transcript),"Dec.9,2020",12:35AM,Dean Gehring , Executive Vice President and Chief Technology Officer,Newmont Corporation 
182,NEM,['Newmont Corporation '], Corporation (NEM) CEO Tom Palmer Hosts 2021 Investor Update Call (Transcript),"Dec.9,2020",12:35AM,Stephen Gottesfeld , Executive Vice President and Chief Sustainability Officer,Newmont Corporation 
183,MDB,"['MongoDB, Inc. ']","oDB, Inc. (MDB) CEO Dev Ittycheria on Q3 2021 Results - Earnings Call Transcript","Dec.8,2020",11:04PM,Brian Denyeau ," IR, ICR","MongoDB, Inc. "
184,MDB,"['MongoDB, Inc. ']","oDB, Inc. (MDB) CEO Dev Ittycheria on Q3 2021 Results - Earnings Call Transcript","Dec.8,2020",11:04PM,Dev Ittycheria , President & Chief Executive Officer,"MongoDB, Inc. "
185,MDB,"['MongoDB, Inc. ']","oDB, Inc. (MDB) CEO Dev Ittycheria on Q3 2021 Results - Earnings Call Transcript","Dec.8,2020",11:04PM,Michael Gordon , Chief Operating Officer & Chief Financial Officer,"MongoDB, Inc. "
186,HRB,"['H&R Block, Inc. ']","R Block, Inc. (HRB) Presents at Investor Day - (Transcript)","Dec.8,2020",10:56PM,Jeffrey Jones ," President, CEO & Director","H&R Block, Inc. "
187,HRB,"['H&R Block, Inc. ']","R Block, Inc. (HRB) Presents at Investor Day - (Transcript)","Dec.8,2020",10:56PM,Kirk Simpson ," CEO, Co-Founder & Director, Wave Financial Inc.","H&R Block, Inc. "
188,HRB,"['H&R Block, Inc. ']","R Block, Inc. (HRB) Presents at Investor Day - (Transcript)","Dec.8,2020",10:56PM,Karen Orosco ," SVP, U.S. Retail Sales & Service","H&R Block, Inc. "
189,HRB,"['H&R Block, Inc. ']","R Block, Inc. (HRB) Presents at Investor Day - (Transcript)","Dec.8,2020",10:56PM,Les Whiting , Chief Financial Services Officer,"H&R Block, Inc. "
190,HRB,"['H&R Block, Inc. ']","R Block, Inc. (HRB) Presents at Investor Day - (Transcript)","Dec.8,2020",10:56PM,Julius Lai , Chief Product & Experience Officer,"H&R Block, Inc. "
191,HRB,"['H&R Block, Inc. ']","R Block, Inc. (HRB) Presents at Investor Day - (Transcript)","Dec.8,2020",10:56PM,Heather Watts ," SVP, DIY Tax","H&R Block, Inc. "
192,HRB,"['H&R Block, Inc. ']","R Block, Inc. (HRB) Presents at Investor Day - (Transcript)","Dec.8,2020",10:56PM,Tony Bowen , CFO,"H&R Block, Inc. "
193,HRB,"['H&R Block, Inc. ']","R Block, Inc. (HRB) Presents at Investor Day - (Transcript)","Dec.8,2020",10:56PM,Colby Brown , VP & Corporate Controller,"H&R Block, Inc. "
194,GME,['GameStop Corp. '],Q3 2020 Results - Earnings Call Transcript,"Dec.8,2020",10:10PM,Eric Cerny , IR,GameStop Corp. 
195,GME,['GameStop Corp. '],Q3 2020 Results - Earnings Call Transcript,"Dec.8,2020",10:10PM,George Sherman , CEO,GameStop Corp. 
196,GME,['GameStop Corp. '],Q3 2020 Results - Earnings Call Transcript,"Dec.8,2020",10:10PM,Jim Bell , EVP & CFO,GameStop Corp. 
197,AMGN,['Amgen Inc. '],erence (Transcript),"Dec.8,2020",10:03PM,Arvind Sood ," VP, IR",Amgen Inc. 
198,AMGN,['Amgen Inc. '],erence (Transcript),"Dec.8,2020",10:03PM,Dr. David Reese ," Executive VP, R&D",Amgen Inc. 
199,AMGN,['Amgen Inc. '],erence (Transcript),"Dec.8,2020",10:03PM,Dr. Greg Friberg ," VP, Global Development and Oncology Therapeutic Area Head",Amgen Inc. 
200,AVAV,"[""AeroVironment, Inc.'s ""]","ent, Inc.'s (AVAV) CEO Wahid Nawabi on Q2 2021 Results - Earnings Call Transcript","Dec.8,2020",9:51,Steven Gitlin , Chief Marketing Officer and Vice President of Investor Relations,"AeroVironment, Inc. "
201,AVAV,"[""AeroVironment, Inc.'s ""]","ent, Inc.'s (AVAV) CEO Wahid Nawabi on Q2 2021 Results - Earnings Call Transcript","Dec.8,2020",9:51,Wahid Nawabi , President and Chief Executive Officer,"AeroVironment, Inc. "
202,AVAV,"[""AeroVironment, Inc.'s ""]","ent, Inc.'s (AVAV) CEO Wahid Nawabi on Q2 2021 Results - Earnings Call Transcript","Dec.8,2020",9:51,Kevin McDonnell , SVP and Chief Financial Officer,"AeroVironment, Inc. "
203,DELL,['Dell Technologies Inc. '], James Technology Investors Conference (Transcript),"Dec.8,2020",9:09,Matt Baker ," Senior Vice President, Strategy and Planning",Dell Technologies Inc. 
204,TMUS,"[""T-Mobile US, Inc.'s ""]",erence (Transcript),"Dec.8,2020",7:50,Mike Sievert , President & Chief Executive Officer,"T-Mobile US, Inc. "
205,BLK,"['BlackRock, Inc. ']",erence (Transcript),"Dec.8,2020",7:44,Gary Shedlin , Chief Financial Officer,"BlackRock, Inc. "
206,VMW,"['VMware, Inc. ']", James Technology Investors Conference (Transcript),"Dec.8,2020",7:14,Sanjay Poonen ," Chief Operating Officer, Customer Operations","VMware, Inc. "
207,VMW,"['VMware, Inc. ']", James Technology Investors Conference (Transcript),"Dec.8,2020",7:14,Richard Gu , Investor Relations,"VMware, Inc. "
208,MSFT,['Microsoft Corporation '],(MSFT) Management Presents at UBS Global TMT Virtual Conference (Transcript),"Dec.8,2020",7:02,Judson Althoff ," EVP, Worldwide Commercial Business",Microsoft Corporation 
209,MMP,"['Magellan Midstream Partners, L.P. ']","gellan Midstream Partners, L.P. (MMP) CEO Michael Mears Presents at Wells Fargo Midstream and Utility Symposium (Transcript)","Dec.8,2020",7:00,Michael Mears ," Chairman, President & Chief Executive Officer","Magellan Midstream Partners, L.P. "
210,ODC,"[""Oil-Dri Corporation of America's ""]",of America's (ODC) CEO Dan Jaffee on Q1 2021 Results - Earnings Call Transcript,"Dec.8,2020",5:47,Leslie Garber ," Manager, IR",Oil-Dri Corporation of America 
211,ODC,"[""Oil-Dri Corporation of America's ""]",of America's (ODC) CEO Dan Jaffee on Q1 2021 Results - Earnings Call Transcript,"Dec.8,2020",5:47,Laura Scheland , General Counsel and Secretary,Oil-Dri Corporation of America 
212,ODC,"[""Oil-Dri Corporation of America's ""]",of America's (ODC) CEO Dan Jaffee on Q1 2021 Results - Earnings Call Transcript,"Dec.8,2020",5:47,Dan Jaffee , President and CEO,Oil-Dri Corporation of America 
213,ODC,"[""Oil-Dri Corporation of America's ""]",of America's (ODC) CEO Dan Jaffee on Q1 2021 Results - Earnings Call Transcript,"Dec.8,2020",5:47,Molly VandenHeuvel , COO,Oil-Dri Corporation of America 
214,ODC,"[""Oil-Dri Corporation of America's ""]",of America's (ODC) CEO Dan Jaffee on Q1 2021 Results - Earnings Call Transcript,"Dec.8,2020",5:47,Susan Kreh , CFO,Oil-Dri Corporation of America 
215,ODC,"[""Oil-Dri Corporation of America's ""]",of America's (ODC) CEO Dan Jaffee on Q1 2021 Results - Earnings Call Transcript,"Dec.8,2020",5:47,Jessica Moskowitz ," VP, General Manager, Consumer Products Division",Oil-Dri Corporation of America 
216,ODC,"[""Oil-Dri Corporation of America's ""]",of America's (ODC) CEO Dan Jaffee on Q1 2021 Results - Earnings Call Transcript,"Dec.8,2020",5:47,Fred Kao ," VP, Global Sales, Amlan International",Oil-Dri Corporation of America 
217,AZO,"['AutoZone, Inc. ']",", Inc. (AZO) CEO William Rhodes on Q1 2021 Results - Earnings Call Transcript","Dec.8,2020",5:17,William Rhodes ," Chairman, President and Chief Executive Officer","AutoZone, Inc. "
218,AZO,"['AutoZone, Inc. ']",", Inc. (AZO) CEO William Rhodes on Q1 2021 Results - Earnings Call Transcript","Dec.8,2020",5:17,William Giles , Executive Vice President and Chief Financial Officer,"AutoZone, Inc. "
219,AZO,"['AutoZone, Inc. ']",", Inc. (AZO) CEO William Rhodes on Q1 2021 Results - Earnings Call Transcript","Dec.8,2020",5:17,Jamere Jackson , Executive Vice President and Chief Financial Officer-elect,"AutoZone, Inc. "
220,SGU,"['Star Group, L.P. ']",Q4 2020 Results - Earnings Call Transcript,"Dec.8,2020",5:09,Chris Witty , Investor Relations,"Star Group, L.P. "
221,SGU,"['Star Group, L.P. ']",Q4 2020 Results - Earnings Call Transcript,"Dec.8,2020",5:09,Jeff Woosnam , Chief Executive Officer,"Star Group, L.P. "
222,SGU,"['Star Group, L.P. ']",Q4 2020 Results - Earnings Call Transcript,"Dec.8,2020",5:09,Rich Ambury , Chief Financial Officer,"Star Group, L.P. "
223,KKR,['KKR & Co. Inc. '],erence (Transcript),"Dec.8,2020",4:34,Scott Nuttall , Co-President and Co-COO,KKR & Co. Inc. 
224,CONN,"[""Conn's, Inc. ""]","'s, Inc. (CONN) CEO Norm Miller on Q3 2021 Results - Earnings Call Transcript","Dec.8,2020",4:31,Norm Miller , CEO,"Conn's, Inc. "
225,CONN,"[""Conn's, Inc. ""]","'s, Inc. (CONN) CEO Norm Miller on Q3 2021 Results - Earnings Call Transcript","Dec.8,2020",4:31,Lee Wright , COO,"Conn's, Inc. "
226,CONN,"[""Conn's, Inc. ""]","'s, Inc. (CONN) CEO Norm Miller on Q3 2021 Results - Earnings Call Transcript","Dec.8,2020",4:31,George Bchara , CFO,"Conn's, Inc. "
227,VIAC,"['ViacomCBS, Inc. ']",erence Call - (Transcript),"Dec.8,2020",3:57,Bob Bakish ," President, CEO & Director","ViacomCBS, Inc. "
228,CRWD,"[""CrowdStrike Holdings, Inc.'s ""]",erence (Transcript),"Dec.8,2020",3:39,Burt Podbere , Chief Financial Officer,"CrowdStrike Holdings, Inc. "
